INSERT INTO establecimientos (id, name) VALUES ('7c04a8b8-bf26-404f-a7bb-0ac7e4e860a0', 'Starbucks');
INSERT INTO establecimientos (id, name) VALUES ('f8aebf14-4384-4953-ab32-278ed74f9c97', 'Sinforosa');
INSERT INTO establecimientos (id, name) VALUES ('0ca3a4ab-229a-4f19-a57f-25157b161c01', 'Bubba Station');
INSERT INTO establecimientos (id, name) VALUES ('3ff101ea-04a1-4376-b9bc-7bb668f991a1', 'Tim Hortons');
INSERT INTO establecimientos (id, name) VALUES ('5990c4eb-9531-40bc-a958-024bf5869304', 'Luka');

INSERT INTO productos(id, name, points, code, establecimiento_id)
VALUES
  ('264c0cfb-a928-41df-a8f6-2f179a6eb3ac' ,'Caffé Latte', 0, '0184200507', '7c04a8b8-bf26-404f-a7bb-0ac7e4e860a0'),
  ('e843dc3f-78e2-4d54-9683-2866e632a726' ,'Caramelo Machiato', 0, '5112545566', '7c04a8b8-bf26-404f-a7bb-0ac7e4e860a0'),
  ('34d15d02-ebdc-48c5-ae49-7b831ec7948f' ,'Frapuccino de Vainilla', 0, '2816662757', '7c04a8b8-bf26-404f-a7bb-0ac7e4e860a0'),
  ('d3b3c360-361f-4bac-999a-b10679728e24' ,'Té Chai Latte', 0, '7798510908', '7c04a8b8-bf26-404f-a7bb-0ac7e4e860a0'),
  ('87d20a77-8615-4c98-a8ce-f3020c69ea67' ,'Frapuccino de Caramelo', 0, '8528769652', '7c04a8b8-bf26-404f-a7bb-0ac7e4e860a0'),
  ('53f85c59-8865-4e99-a0d0-9c82d351d24f' ,'Té Verde Matcha Latte', 0, '4808647489', '7c04a8b8-bf26-404f-a7bb-0ac7e4e860a0'),
  ('50125106-7bd2-4f7a-8f16-a0658d953e0e' ,'Americano', 0, '0027534626', '7c04a8b8-bf26-404f-a7bb-0ac7e4e860a0'),
  ('dd5cf365-b275-46cb-b741-5f0c60da2554' ,'Cold Brew', 0, '7589292389','f8aebf14-4384-4953-ab32-278ed74f9c97'),
  ('c21a3614-70d6-4a52-ac3e-5aed4890c326' ,'Café Americano', 0, '7189714571','f8aebf14-4384-4953-ab32-278ed74f9c97'),
  ('8c2fbf55-110d-4f73-b570-08250195c7c4' ,'Capuchino', 0, '1634403458','f8aebf14-4384-4953-ab32-278ed74f9c97'),
  ('26dccbf4-d60f-4647-bba1-6a64d80a6039' ,'Latte', 0, '2367562207','f8aebf14-4384-4953-ab32-278ed74f9c97'),
  ('c23dce66-2808-4e6d-922e-d3c0210cac42' ,'Mocha', 0, '0511960560','f8aebf14-4384-4953-ab32-278ed74f9c97'),
  ('cc1da209-6f90-4b5a-8aff-cb0a4f7ba8b2' ,'Frappe Matcha', 0, '6050063676','f8aebf14-4384-4953-ab32-278ed74f9c97'),
  ('736d095c-6d66-491e-bcf0-0cf3c4bd0567' ,'Frappe Chai Vainilla', 0, '9020519764','f8aebf14-4384-4953-ab32-278ed74f9c97'),
  ('54bbf06e-cd38-4be8-bf2a-a66f6b7ef469' ,'Taro Regular', 0, '0585158139','0ca3a4ab-229a-4f19-a57f-25157b161c01'),
  ('eabec480-71ee-4e0e-b9d8-318442de368d' ,'Mango Match', 0, '4454470931','0ca3a4ab-229a-4f19-a57f-25157b161c01'),
  ('8fb7203d-450b-4c40-9dea-3936c2880d30' ,'Obleas Amarea Cacao', 0, '1207727236','0ca3a4ab-229a-4f19-a57f-25157b161c01'),
  ('6d059e3e-47e8-4bc3-829a-fdf84a5ebed5' ,'Cookies & Cream', 0, '8591143565','0ca3a4ab-229a-4f19-a57f-25157b161c01'),
  ('ae4b5774-3a72-4390-bc9b-792847e98027' ,'Tropical Berry', 0, '5047003557','0ca3a4ab-229a-4f19-a57f-25157b161c01'),
  ('6842a9f2-c404-4385-aecf-92274cd7c7ce' ,'ChocoChip', 0, '7868658004','0ca3a4ab-229a-4f19-a57f-25157b161c01'),
  ('e40eca96-56c7-4d6e-a052-f31192fd8afc' ,'Choco Menta', 0, '9554958074','0ca3a4ab-229a-4f19-a57f-25157b161c01'),
  ('c30fec76-ccb4-44f3-8411-a151000e8b07' ,'Dark Roast', 0, '2869879076','3ff101ea-04a1-4376-b9bc-7bb668f991a1'),
  ('5e595ebd-dfcb-4821-9cee-ba6a30577be7' ,'French Vanilla', 0, '1173863500','3ff101ea-04a1-4376-b9bc-7bb668f991a1'),
  ('94da03b8-1397-4f80-ab9f-402a94d7555a' ,'Capuchino', 0, '2145719510','3ff101ea-04a1-4376-b9bc-7bb668f991a1'),
  ('ba84f31d-ab2c-4ba9-acce-2cae9028ede2' ,'Chai Latte', 0, '0466025809','3ff101ea-04a1-4376-b9bc-7bb668f991a1'),
  ('eb71cda8-7282-4398-b969-60d0756fe70c' ,'Iced Capp', 0, '3768272214','3ff101ea-04a1-4376-b9bc-7bb668f991a1'),
  ('6ce0232c-e5c2-4915-b340-ca18d0c40f19' ,'Fruit Cooler', 0, '7567200422','3ff101ea-04a1-4376-b9bc-7bb668f991a1'),
  ('b608cd4b-c54a-4f0f-9490-98055cf6a6da' ,'Frozen Cold Chocolate', 0, '6066327315','3ff101ea-04a1-4376-b9bc-7bb668f991a1'),
  ('12c582b1-b1d4-46cc-9da8-24e3b346dbbf' ,'Spicy tuna', 0, '7641611509','5990c4eb-9531-40bc-a958-024bf5869304'),
  ('4722df2c-d3e6-434b-aabb-c3b8999af168' ,'Kamoa Crunchy', 0, '4451552013','5990c4eb-9531-40bc-a958-024bf5869304')
  ('c194e40a-2fa5-4cef-9de4-8ead74468f1a', 'Baby Poke', 0, '0289362245','5990c4eb-9531-40bc-a958-024bf5869304'),
  ('95c864f4-a8cc-44f4-b08e-fadd05ee3868', 'Keto Bowl', 0, '9331552022','5990c4eb-9531-40bc-a958-024bf5869304'),
  ('d8a34743-2fb7-459a-b0c1-4b569dce3b9e', 'Buddha Bowl', 0, '1723659750','5990c4eb-9531-40bc-a958-024bf5869304'),
  ('3216583d-951d-44cc-8c0f-2dcb09f97dfd', 'Spicy Salmon', 0, '8386761933','5990c4eb-9531-40bc-a958-024bf5869304'),
  ('b63c59d1-4fac-4bb1-b104-afd8b43b644d', 'King Crab Poke', 0, '2234765537','5990c4eb-9531-40bc-a958-024bf5869304');

INSERT INTO paros(id,active,description, owner_name,points)
VALUES
('6a7f3da8-28b8-463e-bc74-5a97997f5fb9',True,'Dejé mi chamarra en la capilla del B, estoy en el C401','Carlos Pérez',40),
('70cf4c0c-f99f-4e88-af02-f52cd49fd3b9',True,'Dejé mi chamarra en la capilla del B, estoy en el C401','Carlos Pérez',35),
('f9bb9bae-dcdd-42b8-8610-918c19f24a91',True,'Dejé mi chamarra en la capilla del B, estoy en el C401','Carlos Pérez',20),
('3bde72a0-0813-4b9f-b984-b5094658328e',True,'Dejé mi chamarra en la capilla del B, estoy en el C401','Carlos Pérez',55);